{"cameraMode":{"drawMode":0,"name":"Shaded","section":"Shading Mode"},"sceneLighting":false,"audioPlay":false,"sceneViewState":{"showFog":true,"showMaterialUpdate":false,"showSkybox":true,"showFlares":true,"showImageEffects":true,"showParticleSystems":true},"in2DMode":false,"pivot":{"x":-84.96646881103516,"y":-82.66082000732422,"z":-171.39198303222657},"rotation":{"x":-0.05324076861143112,"y":0.9457526206970215,"z":-0.20306704938411714,"w":-0.24802301824092866},"size":290.4822082519531,"orthographic":false}