{"cameraMode":{"drawMode":0,"name":"Shaded","section":"Shading Mode"},"sceneLighting":true,"audioPlay":false,"sceneViewState":{"showFog":true,"showMaterialUpdate":false,"showSkybox":true,"showFlares":true,"showImageEffects":true,"showParticleSystems":true},"in2DMode":false,"pivot":{"x":5.4416656494140629,"y":-0.08721303939819336,"z":10.126718521118164},"rotation":{"x":0.08470042049884796,"y":0.8808774948120117,"z":-0.42713066935539248,"w":0.1910763680934906},"size":67.07157897949219,"orthographic":false}